{
  "os":  "Windows-10-10.0.22631-SP0",
  "python":  "3.10.9",
  "startedAt":  "2024-12-01T13:43:08.291839Z",
  "args":  [
    "G:\\My Drive\\courses\\DRL\\hw1\\Q2.py"
  ],
  "program":  "Q2.py",
  "codePath":  "Q2.py",
  "email":  "fredigr1998@gmail.com",
  "root":  "G:\\My Drive\\courses\\DRL\\hw1",
  "host":  "MININT-NQRD53J",
  "username":  "Administrator",
  "executable":  "C:\\Users\\Administrator\\anaconda3\\python.exe",
  "codePathLocal":  "Q2.py",
  "cpu_count":  10,
  "cpu_count_logical":  12,
  "disk":  {
    "/":  {
      "total":  "500965568512",
      "used":  "398890029056"
    }
  },
  "memory":  {
    "total":  "16579715072"
  },
  "cpu":  {
    "count":  10,
    "countLogical":  12
  }
}