{
  "os": "Linux-5.14.0-427.16.1.el9_4.x86_64-x86_64-with-glibc2.10",
  "python": "3.8.12",
  "startedAt": "2024-12-02T11:45:15.587370Z",
  "program": "Q2.py",
  "codePath": "Q2.py",
  "email": "fredigr1998@gmail.com",
  "root": "/sise/home/freddie/Projects/DRL/HW1",
  "host": "ise-1080-01",
  "username": "freddie",
  "executable": "/home/freddie/.conda/envs/freddie/bin/python",
  "codePathLocal": "Q2.py",
  "cpu_count": 6,
  "cpu_count_logical": 12,
  "gpu": "NVIDIA GeForce GTX 1080 Ti",
  "gpu_count": 1,
  "disk": {
    "/": {
      "total": "821072203776",
      "used": "18180857856"
    }
  },
  "memory": {
    "total": "134452039680"
  },
  "cpu": {
    "count": 6,
    "countLogical": 12
  },
  "gpu_nvidia": [
    {
      "name": "NVIDIA GeForce GTX 1080 Ti",
      "memoryTotal": "11811160064",
      "cudaCores": 3584,
      "architecture": "Pascal"
    }
  ],
  "slurm": {
    "cluster_name": "cluster",
    "conf": "/var/spool/slurmd/conf-cache/slurm.conf",
    "cpu_bind": "quiet,mask_cpu:0xE38",
    "cpu_bind_list": "0xE38",
    "cpu_bind_type": "mask_cpu:",
    "cpu_bind_verbose": "quiet",
    "cpus_on_node": "6",
    "distribution": "cyclic",
    "gpus": "1",
    "gpus_on_node": "1",
    "gtids": "0",
    "job_account": "yisroel",
    "job_cpus_per_node": "6",
    "job_end_time": "1733733333",
    "job_gid": "1945600513",
    "job_gpus": "1",
    "job_id": "1667683",
    "job_name": "Horizon",
    "job_nodelist": "ise-1080-01",
    "job_num_nodes": "1",
    "job_partition": "gpu",
    "job_qos": "normal",
    "job_start_time": "1733128533",
    "job_uid": "343844620",
    "job_user": "freddie",
    "jobid": "1667683",
    "launch_node_ipaddr": "132.72.64.37",
    "localid": "0",
    "mem_per_node": "24576",
    "nnodes": "1",
    "nodeid": "0",
    "nodelist": "ise-1080-01",
    "nprocs": "1",
    "ntasks": "1",
    "prio_process": "0",
    "procid": "0",
    "script_context": "prolog_task",
    "srun_comm_host": "132.72.64.37",
    "srun_comm_port": "61484",
    "step_gpus": "1",
    "step_id": "0",
    "step_launcher_port": "61484",
    "step_nodelist": "ise-1080-01",
    "step_num_nodes": "1",
    "step_num_tasks": "1",
    "step_tasks_per_node": "1",
    "stepid": "0",
    "submit_dir": "/sise/home/freddie",
    "submit_host": "slurm-login-03",
    "task_pid": "1309158",
    "tasks_per_node": "1",
    "topology_addr": "ise-1080-01",
    "topology_addr_pattern": "node",
    "umask": "0022"
  },
  "cudaVersion": "12.5"
}